pagador,cpf,status_http,invoice_id,boleto_url,resposta
Luciane Moreira Campos,89906934115,200,inv_DRoRS99PlQj90fp2baaXmwEQ,https://storage.googleapis.com/download/storage/v1/b/cora_production_exporter_bankslip_storage/o/boleto-qrcode-ec4fc313-c29e-4ac2-93c5-affc6b2f05ab.pdf?generation=1788273888068928&alt=media,
Angelica de Freitas Ferreira,02300686180,200,inv_91grB3p99RSrKEl99Fh0rhDEg,https://storage.googleapis.com/download/storage/v1/b/cora_production_exporter_bankslip_storage/o/boleto-qrcode-2f8ffe8c-e501-4cf4-91e4-c74673adcb28.pdf?generation=1788273889817679&alt=media,
Hugo Ribeiro Ramos,70656665149,200,inv_Qf27sQFRRECgtplm8iXgVg,https://storage.googleapis.com/download/storage/v1/b/cora_production_exporter_bankslip_storage/o/boleto-qrcode-c963874e-5fab-4135-9338-e49e350d614c.pdf?generation=1788273891358170&alt=media,
Paulo Eduardo Sturmer,96729023104,200,inv_H91maYUXlTSKR5oHGVV8Keg,https://storage.googleapis.com/download/storage/v1/b/cora_production_exporter_bankslip_storage/o/boleto-qrcode-d5539503-15c1-4655-905f-c318ccc97b99.pdf?generation=1788273892712342&alt=media,
Alana de Carvalho Paranaiba,65634209153,200,inv_Qo7HDQYzQc2nMOJrnH2lzw,https://storage.googleapis.com/download/storage/v1/b/cora_production_exporter_bankslip_storage/o/boleto-qrcode-72104922-87b8-414f-a050-fde11b259c28.pdf?generation=1788273894207087&alt=media,
Leandro da Silva Lemes,70219591172,200,inv_DFVW6Py6Tc90NWfFvq1C5JQ,https://storage.googleapis.com/download/storage/v1/b/cora_production_exporter_bankslip_storage/o/boleto-qrcode-8a70883f-309a-4189-bbe3-8b885d565acc.pdf?generation=1788273895719741&alt=media,
Mychelle Hanemann Marinho,79259430259,200,inv_90xqxkchuRpWseA8WORNBzA,https://storage.googleapis.com/download/storage/v1/b/cora_production_exporter_bankslip_storage/o/boleto-qrcode-4644b621-89e1-461d-9941-4c0dba03eed3.pdf?generation=1788273897483638&alt=media,
Isis Maria de Holanda Resende Fonseca,00626742188,200,inv_MTx45V2YQnC1PQR0ERXHww,https://storage.googleapis.com/download/storage/v1/b/cora_production_exporter_bankslip_storage/o/boleto-qrcode-8eef0edd-ebfc-4503-898f-7530968aadeb.pdf?generation=1788273898823443&alt=media,
Raissa de Oliveira Moura Botelho,05661664109,200,inv_LmYIoQ591SSmPGXzyapABBg,https://storage.googleapis.com/download/storage/v1/b/cora_production_exporter_bankslip_storage/o/boleto-qrcode-53a7e8b0-a820-4c9b-a272-f18e651841ff.pdf?generation=1788273900272493&alt=media,
Danielle Regina de Ávila Marra,00092548113,200,inv_Lukt90udoSBCOY5EiZ1lj6Q,https://storage.googleapis.com/download/storage/v1/b/cora_production_exporter_bankslip_storage/o/boleto-qrcode-44916b76-793f-4709-bbbc-0bbc2abff5be.pdf?generation=1788273901621747&alt=media,
Dannila Renata da Silva Ferreira Engelberg,01937554163,200,inv_KloFRouPSVOyawJH90i3Ahg,https://storage.googleapis.com/download/storage/v1/b/cora_production_exporter_bankslip_storage/o/boleto-qrcode-40c9071d-ac0f-400a-9120-b8feee15b6ca.pdf?generation=1788273902993809&alt=media,
