canonical_id,label,domain,proesc,sponte,agenda_edu,classapp,school_lab_phase,prd_target,notes
billing.issue_charge,Issue charge to guardian,billing,documented,—,documented,documented,MVP,prds/billing/charges.md,"`DIV-financial-001` Core enrollment receivables (débito + parcelas); extensions per segment PRD. Aliases (Proesc: 32, Agenda Edu: 10, ClassApp: 9)"
billing.manage_payment_plan,Configure payment plans and installment schedules,billing,documented,—,documented,documented,MVP,prds/billing/payment-plans.md,"Plans drive parcel generation; tie to enrollment contracts. Aliases (Proesc: 29, Agenda Edu: 13, ClassApp: 17)"
billing.manage_charge_types,Configure charge types and categories,billing,—,—,—,—,MVP,prds/billing/charges.md,Typed debits with chart-of-accounts mapping.
billing.issue_boleto,Generate boleto for charge,billing,documented,—,documented,documented,MVP,prds/billing/boletos.md,"Automated boleto generation and tracking in app. Aliases (Proesc: 11, Agenda Edu: 5, ClassApp: 4)"
billing.integrate_boleto_bank,Configure boleto bank remittance integration,billing,documented,—,documented,—,MVP,prds/billing/boletos.md,"`DIV-financial-002` Abstract bank integration; guided onboarding. Aliases (Proesc: 5, Agenda Edu: 4)"
billing.resend_boleto,Resend boleto to guardian,billing,—,—,documented,documented,MVP,prds/fintech-first/resend-boleto.md,"Staff-triggered resend; WhatsApp as adapter. Aliases (Agenda Edu: 1, ClassApp: 1)"
billing.track_boleto_status,Track boleto registration and settlement,billing,—,—,—,—,MVP,prds/billing/boletos.md,Never lose billing state; webhook + manual reconciliation.
billing.send_boleto_remittance,Send boleto remittance file to bank,billing,—,—,—,—,MVP,prds/billing/boletos.md,CNAB/remessa batch export.
billing.accept_pix_payment,Accept Pix payment,billing,documented,—,documented,documented,MVP,prds/billing/payments.md,"`DIV-financial-002` Pix QR and copy-paste via payment gateway. Aliases (Proesc: 2, Agenda Edu: 4, ClassApp: 2)"
billing.accept_card_payment,Accept card payment,billing,—,—,—,—,MVP,prds/billing/payments.md,`DIV-financial-002` Checkout for guardians; gateway abstracted.
billing.manage_recurring_card,Manage recurring card billing,billing,documented,—,documented,documented,MVP,prds/billing/payments.md,"Opt-in recurring card with clear consent. Aliases (Proesc: 6, Agenda Edu: 15, ClassApp: 3)"
billing.record_manual_payment,Record manual payment receipt,billing,—,—,—,documented,MVP,prds/billing/payments.md,"Cash, negotiation, or external transfer with audit. Aliases (ClassApp: 1)"
billing.manage_cash_register,Treasury and cash register operations,billing,documented,—,—,documented,MVP,prds/billing/treasury.md,"Meu caixa pattern: receipts, expenses, cost centers. Aliases (Proesc: 13, ClassApp: 1)"
billing.process_batch_payment,Process batch payments,billing,—,—,documented,documented,MVP,prds/billing/payments.md,"Batch settlement and bulk status updates. Aliases (Agenda Edu: 1, ClassApp: 1)"
billing.onboard_payment_gateway,Onboard payment gateway (KYC),billing,documented,—,—,—,MVP,prds/billing/gateway.md,`DIV-financial-002` Guided gateway onboarding; abstract provider. Aliases (Proesc: 1)
billing.configure_payment_gateway,Configure payment gateway settings,billing,—,—,—,—,MVP,prds/billing/gateway.md,"`DIV-financial-002` Fees, settlement accounts, enabled methods."
billing.view_delinquency_dashboard,View delinquency dashboard,billing,documented,documented,documented,documented,MVP,prds/billing/dunning.md,"`DIV-financial-006` Visual overdue portfolio; no surprise automation. Aliases (Proesc: 9, Sponte: 2, Agenda Edu: 2, ClassApp: 2)"
billing.build_dunning_workflow,Build visual dunning workflow,billing,documented,—,documented,documented,MVP,prds/billing/dunning.md,"`DIV-financial-006` Configurable régua with audit trail. Aliases (Proesc: 3, Agenda Edu: 3, ClassApp: 1)"
billing.send_payment_reminder,Send payment reminders,billing,—,—,—,—,MVP,prds/billing/dunning.md,`DIV-financial-006` Email/push/WhatsApp adapters; rules in API.
billing.manage_protest,Manage boleto protest workflow,billing,documented,—,—,—,P2,prds/billing/dunning.md,`DIV-financial-003` No protest default; softer dunning first. Aliases (Proesc: 1)
billing.configure_early_payment_discount,Configure tiered early-payment discounts,billing,documented,—,documented,documented,MVP,prds/billing/discounts.md,"`DIV-financial-004` Discount by payment day before due date. Aliases (Proesc: 5, Agenda Edu: 2, ClassApp: 4)"
billing.issue_service_invoice,Issue NFS-e for tuition services,billing,documented,—,—,—,MVP,prds/billing/invoicing.md,`DIV-financial-005` Service NF in billing PRD; product NF later. Aliases (Proesc: 6)
billing.configure_nf_settings,Configure service invoice (NF) settings,billing,—,—,—,—,P2,prds/billing/invoicing.md,`DIV-financial-005` Per-city NFS-e parameters when required.
billing.meter_digital_signatures,Meter digital signatures on contracts,billing,documented,—,documented,documented,P2,prds/billing/signatures.md,"`DIV-financial-007` Transparent metering or plan inclusion. Aliases (Proesc: 4, Agenda Edu: 4, ClassApp: 1)"
billing.sign_enrollment_contract,Collect digital signature on enrollment contract,billing,—,—,—,—,P2,prds/students/contracts.md,`DIV-financial-007` Shares signature infra with documents phase 2.
billing.manage_guaranteed_revenue,Guaranteed revenue (vendor-assumed risk),billing,—,—,—,—,N/A,,`DIV-financial-008` Out of core; document fintech partner pattern only.
billing.manage_corporate_payer,Manage corporate (PJ) financial payer,billing,documented,—,documented,—,P2,prds/billing/corporate-payer.md,"Scoped access + audit for empresa conveniada. Aliases (Proesc: 3, Agenda Edu: 1)"
billing.export_financial_report,Export financial reports,billing,documented,—,documented,documented,MVP,prds/billing/reports.md,"Receivables, cash flow, delinquency exports. Aliases (Proesc: 9, Agenda Edu: 2, ClassApp: 2)"
billing.view_student_receivables,View and search student receivables,billing,documented,—,documented,documented,MVP,prds/billing/charges.md,"Parcel search by student or guardian. Aliases (Proesc: 2, Agenda Edu: 6, ClassApp: 1)"
billing.import_erp_charges,Import charges from external ERP,billing,documented,—,documented,documented,P2,prds/billing/integrations.md,"Open API for adjunct ERPs. Aliases (Proesc: 6, Agenda Edu: 6, ClassApp: 1)"
billing.sync_erp_financial,Sync financial data with ERP,billing,—,—,—,—,P2,prds/billing/integrations.md,Bi-directional sync for hybrid stack.
billing.view_guardian_charges,Guardian view open charges,billing,—,—,—,—,MVP,prds/billing/guardian-portal.md,Parent billing view in app and web.
billing.pay_online,Guardian pay charges online,billing,—,—,claimed,—,MVP,prds/billing/payments.md,"`DIV-financial-002` Checkout for boleto, Pix, card. Aliases (Agenda Edu: 1)"
billing.view_payment_history,View payment history,billing,—,—,—,—,MVP,prds/billing/guardian-portal.md,Settled and pending history per family.
billing.select_plan_on_enrollment,Select payment plan during enrollment,billing,documented,—,—,documented,P2,prds/students/enrollment-online.md,"Trilha step: data → contract → plan → pay. Aliases (Proesc: 7, ClassApp: 1)"
billing.pay_enrollment_online,Pay during online enrollment,billing,—,—,—,—,P2,prds/students/enrollment-online.md,Payment as enrollment trilha final step.
billing.configure_billing_notifications,Configure billing notification channels,billing,documented,—,documented,documented,MVP,prds/billing/notifications.md,"Explicit per-channel policy for finance pushes. Aliases (Proesc: 1, Agenda Edu: 3, ClassApp: 3)"
billing.manage_payment_links,Manage payment links,billing,—,—,documented,—,MVP,prds/billing/payments.md,Shareable links for overdue or ad-hoc pay. Aliases (Agenda Edu: 3)
billing.negotiate_receivable,Mark receivable under negotiation,billing,documented,—,documented,—,MVP,prds/billing/charges.md,"Manual negotiation status with audit. Aliases (Proesc: 1, Agenda Edu: 1)"
billing.adjust_charge,Adjust charge amount or apply scholarship,billing,—,—,documented,documented,MVP,prds/billing/charges.md,"Bolsa, isenção, adjustments with audit. Aliases (Agenda Edu: 1, ClassApp: 1)"
billing.cancel_charge,Cancel or reverse charge,billing,documented,—,documented,documented,MVP,prds/billing/charges.md,"Estorno and cancellation with reason code. Aliases (Proesc: 3, Agenda Edu: 1, ClassApp: 1)"
billing.reconcile_bank_statement,Reconcile bank statement,billing,documented,—,—,—,P2,prds/billing/treasury.md,Match settlements to open receivables. Aliases (Proesc: 1)
billing.view_classpay_dashboard,Embedded payment product dashboard,billing,—,—,documented,documented,P2,prds/billing/gateway.md,"`DIV-financial-002` ClassPay/ClipPag-like embedded pay reference. Aliases (Agenda Edu: 1, ClassApp: 9)"
billing.manage_multi_unit_billing,Multi-unit billing reports,billing,—,—,—,—,P2,prds/billing/reports.md,Per-school isolation with group roll-ups.
billing.manage_financial_operations,General financial module operations,billing,documented,documented,documented,documented,MVP,prds/billing/charges.md,"Catch-all for ERP finance tasks pending finer split. Aliases (Proesc: 81, Sponte: 8, Agenda Edu: 31, ClassApp: 28)"
billing.quality_signal_support,Billing help troubleshooting (quality signal),billing,noise,—,noise,noise,N/A,,"Canonical quality signal — not an MVP parity target. Support articles and FAQs — friction signal, not parity target. Aliases (Proesc: 5, Agenda Edu: 16, ClassApp: 8)"
communication.send_direct_message,Send direct message,communication,documented,—,documented,documented,MVP,prds/communication/messages.md,"`DIV-communication-001` Official audited channels; MVP priority. Aliases (Proesc: 2, Agenda Edu: 16, ClassApp: 31)"
communication.manage_service_channel,Manage service channel with SLA,communication,documented,—,documented,documented,MVP,prds/communication/channels.md,"`DIV-communication-002` Ticket channels with CSAT; family isolation. Aliases (Proesc: 4, Agenda Edu: 8, ClassApp: 6)"
communication.send_whatsapp_notification,Send WhatsApp notification via adapter,communication,documented,—,documented,—,MVP,prds/communication/adapters.md,"`DIV-communication-003` WhatsApp as adapter; rules in API. Aliases (Proesc: 1, Agenda Edu: 1)"
communication.update_guardian_profile,Guardian progressive profile update,communication,documented,—,documented,documented,MVP,prds/identity-and-onboarding/profiles.md,"`DIV-communication-004` Progressive profiling; LGPD basis shown. Aliases (Proesc: 1, Agenda Edu: 2, ClassApp: 3)"
communication.share_photo_update,Share photo update to families,communication,—,—,documented,documented,MVP,prds/communication/media.md,"`DIV-communication-005` Photos with retention policy; no vanity feed. Aliases (Agenda Edu: 1, ClassApp: 1)"
communication.configure_push_policy,Configure push notification policy,communication,—,—,documented,—,MVP,prds/communication/notifications.md,`DIV-communication-007` Explicit per-channel notification policy. Aliases (Agenda Edu: 3)
communication.escalate_to_human_support,Escalate to human support,communication,documented,—,—,documented,MVP,prds/communication/support.md,"`DIV-communication-006` Defer AI; human escalation first. Aliases (Proesc: 1, ClassApp: 1)"
communication.send_mass_announcement,Send mass announcement,communication,—,—,documented,documented,P2,prds/communication/announcements.md,"Post-MVP mass comms. Aliases (Agenda Edu: 7, ClassApp: 9)"
communication.send_group_message,Send group or class message,communication,—,—,—,documented,MVP,prds/communication/messages.md,`DIV-communication-001` Group threads with school-scoped recipients; family isolation enforced. Aliases (ClassApp: 7)
communication.manage_message_inbox,"Manage message inbox (read, archive, delete)",communication,—,—,documented,documented,MVP,prds/communication/messages.md,"Audited inbox; bulk archive; read-state per user. Aliases (Agenda Edu: 1, ClassApp: 7)"
communication.schedule_message_delivery,Schedule message delivery,communication,—,—,—,documented,MVP,prds/communication/messages.md,Deferred send with timezone-aware delivery window. Aliases (ClassApp: 1)
communication.attach_files_to_message,Attach files to messages,communication,—,—,—,documented,MVP,prds/communication/media.md,Multi-attachment messages with size/type policy. Aliases (ClassApp: 6)
communication.manage_message_templates,Manage message and WhatsApp templates,communication,—,—,documented,—,MVP,prds/communication/adapters.md,`DIV-communication-003` Reusable templates; WhatsApp adapter uses approved templates. Aliases (Agenda Edu: 1)
communication.edit_message_content,Edit sent message with audit trail,communication,—,—,documented,documented,MVP,prds/communication/messages.md,"Edit history visible to recipients; no silent edits. Aliases (Agenda Edu: 1, ClassApp: 4)"
communication.open_support_ticket,Open support ticket with attachments,communication,documented,—,documented,—,MVP,prds/communication/channels.md,"`DIV-communication-002` Ticket channel distinct from direct chat; family-scoped. Aliases (Proesc: 1, Agenda Edu: 3)"
communication.track_service_inbox,Track conversations and tickets in real time,communication,—,—,documented,—,MVP,prds/communication/channels.md,`DIV-communication-002` Staff inbox for channels and tickets; SLA indicators. Aliases (Agenda Edu: 1)
communication.collect_channel_csat,Collect CSAT on service channels,communication,—,—,—,documented,MVP,prds/communication/channels.md,`DIV-communication-002` Post-resolution CSAT; aggregate per channel. Aliases (ClassApp: 1)
communication.send_individual_announcement,Send individual targeted announcement,communication,—,—,documented,—,MVP,prds/communication/announcements.md,Per-family or per-student comunicados; not mass blast. Aliases (Agenda Edu: 1)
communication.manage_announcement_categories,Manage announcement categories,communication,—,—,documented,—,MVP,prds/communication/announcements.md,Typed comunicados for filtering and retention. Aliases (Agenda Edu: 1)
communication.approve_pending_communication,Approve pending communications and events,communication,—,—,documented,—,MVP,prds/communication/announcements.md,Moderation queue for teacher-submitted content. Aliases (Agenda Edu: 2)
communication.manage_announcement_templates,Manage announcement templates and duplication,communication,—,—,documented,—,MVP,prds/communication/announcements.md,Model comunicados; duplicate with audit. Aliases (Agenda Edu: 2)
communication.send_poll_survey,Send poll or survey in announcement,communication,documented,—,documented,documented,P2,prds/communication/announcements.md,"Polls as structured announcement type. Aliases (Proesc: 1, Agenda Edu: 3, ClassApp: 2)"
communication.send_email_notification,Send email notification,communication,—,—,—,—,MVP,prds/communication/notifications.md,`DIV-communication-007` Email adapter alongside push; opt-in policy.
communication.manage_notification_inbox,"Manage notification inbox (clear, dismiss)",communication,—,—,—,documented,MVP,prds/communication/notifications.md,User-controlled notification list; not push policy. Aliases (ClassApp: 1)
communication.manage_photo_album,Manage photo albums and mural,communication,—,—,documented,documented,MVP,prds/communication/media.md,"`DIV-communication-005` Album-based photos; download with retention policy. Aliases (Agenda Edu: 5, ClassApp: 1)"
communication.share_video_content,Share video in messages or activities,communication,—,—,documented,documented,MVP,prds/communication/media.md,"Video attachments with bandwidth and retention limits. Aliases (Agenda Edu: 1, ClassApp: 2)"
communication.distribute_learning_materials,Distribute learning materials and attachments,communication,documented,—,—,—,MVP,prds/communication/media.md,Class materials via comms; not LMS replacement. Aliases (Proesc: 1)
communication.collect_guardian_cpf,Collect guardian CPF (progressive profiling),communication,—,—,—,documented,MVP,prds/identity-and-onboarding/profiles.md,`DIV-communication-004` Campaign-style CPF collection with LGPD basis shown. Aliases (ClassApp: 1)
communication.manage_emergency_contacts,Manage emergency contact alert list,communication,documented,—,—,—,MVP,prds/communication/alerts.md,Emergency contacts for school alert button. Aliases (Proesc: 1)
communication.switch_active_child,Switch active child context (multi-child guardian),communication,—,—,documented,—,MVP,prds/identity-and-onboarding/profiles.md,Guardian switches child without cross-family leak. Aliases (Agenda Edu: 2)
communication.manage_user_profiles,Manage user profiles and multi-profile switching,communication,—,—,documented,documented,MVP,prds/identity-and-onboarding/profiles.md,"Multi-profile app UX; staff assigns profiles to groups. Aliases (Agenda Edu: 1, ClassApp: 3)"
communication.publish_calendar_event,Publish calendar event or activity,communication,documented,—,documented,documented,MVP,prds/communication/calendar.md,"Events as comms objects; academic calendar sync later. Aliases (Proesc: 3, Agenda Edu: 6, ClassApp: 2)"
communication.track_event_engagement,Track calendar event engagement,communication,—,—,documented,—,P2,prds/communication/calendar.md,Engagement metrics on events; no vanity feed ranking. Aliases (Agenda Edu: 1)
communication.embed_video_call,Embed video call link in event or message,communication,documented,—,documented,documented,P2,prds/communication/calendar.md,"Meet/Zoom links as adapter; not native video infra. Aliases (Proesc: 1, Agenda Edu: 2, ClassApp: 2)"
communication.manage_communication_groups,Manage communication groups (group vs channel vs DM),communication,—,—,—,documented,MVP,prds/communication/channels.md,`DIV-communication-001` Explicit group/channel/DM model; family isolation. Aliases (ClassApp: 4)
communication.assign_recipients_to_channel,Assign users or classes to message channel,communication,—,—,—,—,MVP,prds/communication/channels.md,"Channel membership by class, staff role, or individual."
communication.manage_channel_permissions,Manage channel access permissions,communication,—,—,—,—,MVP,prds/communication/channels.md,Revoke staff channel access with audit.
communication.view_communication_engagement,View communication engagement reports,communication,—,—,documented,documented,P2,prds/communication/analytics.md,"Delivery and read metrics; not public leaderboards. Aliases (Agenda Edu: 4, ClassApp: 2)"
communication.track_delivery_status,Track message and activity delivery status,communication,documented,—,documented,—,MVP,prds/communication/analytics.md,"Delivery receipts for activities and announcements. Aliases (Proesc: 2, Agenda Edu: 1)"
communication.configure_communication_module,Configure communication module settings,communication,documented,—,documented,documented,MVP,prds/communication/settings.md,"Branding, defaults, module enablement per school. Aliases (Proesc: 1, Agenda Edu: 2, ClassApp: 1)"
communication.onboard_communication_users,Onboard users to communication module,communication,—,—,documented,documented,MVP,prds/communication/onboarding.md,"Staff verification checklist; guardian invite flow. Aliases (Agenda Edu: 3, ClassApp: 2)"
communication.defer_ai_assistant,AI virtual assistant (deferred),communication,documented,—,—,—,N/A,,`DIV-communication-006` Defer Lia/Duda-style AI; document competitor pattern only. Aliases (Proesc: 1)
communication.manage_social_reactions,Manage likes and comments on announcements,communication,—,—,documented,—,P2,prds/communication/announcements.md,`DIV-communication-005` Optional reactions; off by default to avoid vanity feed. Aliases (Agenda Edu: 3)
communication.manage_network_broadcast,Multi-school network broadcast,communication,—,—,—,—,P2,prds/communication/network.md,Network-level comms with per-school isolation on read.
communication.manage_communication_operations,General communication module operations,communication,documented,—,documented,documented,MVP,prds/communication/messages.md,"Catch-all for miscatalogued or edge comms tasks pending finer split. Aliases (Proesc: 15, Agenda Edu: 53, ClassApp: 22)"
communication.quality_signal_support,Communication help troubleshooting (quality signal),communication,noise,—,noise,noise,N/A,,"Canonical quality signal — not an MVP parity target. Support articles, release notes, FAQs — friction signal, not parity target. Aliases (Proesc: 29, Agenda Edu: 25, ClassApp: 13)"
academic.configure_evaluation_template,Configure evaluation templates,academic,documented,—,documented,—,MVP,prds/academic/evaluation.md,"`DIV-academic-001` Self-service templates; ERP mode when integrated. Aliases (Proesc: 11, Agenda Edu: 4)"
academic.record_attendance,Record attendance,academic,documented,—,—,documented,MVP,prds/academic/attendance.md,"`DIV-academic-002` Reliable attendance; legal impact if wrong. Aliases (Proesc: 6, ClassApp: 3)"
academic.manage_attendance_policy,Manage attendance counting policy,academic,documented,—,—,—,MVP,prds/academic/attendance.md,`DIV-academic-002` School-level policy with per-period override. Aliases (Proesc: 1)
academic.process_reenrollment,Process online re-enrollment,academic,documented,—,—,—,P2,prds/students/reenrollment.md,`DIV-academic-003` Online re-enrollment first-class. Aliases (Proesc: 1)
academic.log_daily_routine,Log early childhood daily routine,academic,documented,—,documented,—,P2,prds/academic/routine.md,"`DIV-academic-004` Routine module MVP-relevant for infantil. Aliases (Proesc: 3, Agenda Edu: 8)"
academic.schedule_lesson,Schedule lessons,academic,documented,—,—,—,P2,prds/academic/lessons.md,`DIV-academic-005` Model lesson lifecycle explicitly. Aliases (Proesc: 4)
academic.manage_lesson_lifecycle,Manage lesson lifecycle (cancel/makeup),academic,documented,—,—,—,P2,prds/academic/lessons.md,`DIV-academic-005` Cancel and makeup rules explicit. Aliases (Proesc: 1)
academic.view_corporate_guardian_students,Corporate partner view linked students,academic,—,—,—,—,P2,prds/students/corporate-partner.md,`DIV-academic-007` corporate_partner scoped access + audit.
academic.configure_multi_school,Configure multi-school tenancy views,academic,documented,—,—,—,MVP,prds/platform/multi-school.md,`DIV-academic-008` Multi-school tenancy; per-school isolation. Aliases (Proesc: 1)
academic.search_help_center,Search product help center,academic,—,—,—,—,MVP,,`DIV-academic-009` Ship searchable help for own product.
academic.manage_grade_scale,Configure grading criteria and formulas,academic,documented,—,—,documented,MVP,prds/academic/evaluation.md,"`DIV-academic-001` Self-service grade scales; ERP mode when integrated. Aliases (Proesc: 3, ClassApp: 1)"
academic.enter_grades,Enter grades in diary and activities,academic,documented,—,—,—,MVP,prds/academic/grades.md,Teacher diary grade entry; secretary override with audit. Aliases (Proesc: 8)
academic.manage_recovery_grades,Manage recovery and reassessment grades,academic,documented,—,—,—,MVP,prds/academic/grades.md,Parallel recovery and dependency flows explicit. Aliases (Proesc: 3)
academic.publish_report_card,Publish report cards (boletim),academic,—,—,—,—,MVP,prds/academic/report-cards.md,Scheduled boletim release with guardian notification.
academic.view_report_card,View report card and grades,academic,documented,—,—,—,MVP,prds/academic/report-cards.md,Family-scoped grade view; student portal when enabled. Aliases (Proesc: 6)
academic.configure_report_card,Configure report card display rules,academic,documented,—,—,—,MVP,prds/academic/report-cards.md,Hide disciplines or final grades per policy. Aliases (Proesc: 5)
academic.justify_absence,Justify student absences,academic,documented,—,—,—,MVP,prds/academic/attendance.md,`DIV-academic-002` Documented justification with audit trail. Aliases (Proesc: 1)
academic.export_attendance,Export and print attendance records,academic,documented,—,—,—,MVP,prds/academic/attendance.md,Blank frequency sheets and period exports. Aliases (Proesc: 1)
academic.manage_teacher_diary,Manage teacher diary workflow,academic,documented,—,—,—,MVP,prds/academic/diary.md,"Submit, return, and monitor diary delivery. Aliases (Proesc: 9)"
academic.log_lesson_content,Log lesson content in diary,academic,documented,—,—,—,MVP,prds/academic/diary.md,Per-lesson content with copy-from-prior term. Aliases (Proesc: 3)
academic.manage_curriculum_matrix,Manage curriculum matrix and disciplines,academic,documented,—,—,—,MVP,prds/academic/curriculum.md,"`DIV-academic-001` Disciplines, subdisciplines, skills matrix self-service. Aliases (Proesc: 11)"
academic.assign_teacher_to_subject,Assign teachers to subjects and diaries,academic,documented,—,—,—,MVP,prds/academic/diary.md,Bulk and individual teacher–discipline links. Aliases (Proesc: 5)
academic.manage_class_diary,Manage class diary lessons and activities,academic,documented,—,—,—,MVP,prds/academic/diary.md,`DIV-academic-005` Individual and batch lessons tied to evaluation. Aliases (Proesc: 5)
academic.record_incidents,Record disciplinary and pastoral incidents,academic,documented,—,—,—,MVP,prds/academic/incidents.md,Typed occurrences with family visibility policy. Aliases (Proesc: 2)
academic.manage_period_closure,Close academic period and year,academic,documented,—,—,—,MVP,prds/academic/periods.md,Checklist-driven period close; blocks incomplete diaries. Aliases (Proesc: 3)
academic.issue_transcript,Issue school transcript (histórico escolar),academic,documented,—,—,—,P2,prds/documents/certificates.md,Official transcript generation with audit. Aliases (Proesc: 6)
academic.manage_transcript_record,Maintain transcript discipline records,academic,—,—,—,—,P2,prds/documents/certificates.md,Edit workload and frequency on historical records.
academic.view_academic_dashboard,View academic coordination dashboard,academic,documented,—,documented,—,MVP,prds/academic/coordination.md,"Diary status, grades, and activity monitoring. Aliases (Proesc: 16, Agenda Edu: 1)"
academic.sync_academic_with_erp,Sync academic data with external ERP,academic,documented,—,documented,—,P2,prds/integrations/erp.md,"`DIV-academic-006` API-first SIS; adjunct ERP sync when hybrid. Aliases (Proesc: 1, Agenda Edu: 1)"
academic.deliver_diary_to_families,Deliver daily diary to guardians,academic,—,—,documented,—,P2,prds/academic/routine.md,`DIV-academic-004` Push diary entries to families; infantil priority. Aliases (Agenda Edu: 1)
academic.manage_live_lesson,Manage live online lessons,academic,documented,—,—,—,P2,prds/academic/lessons.md,`DIV-academic-005` Meet/adapter links; recordings attached to lesson. Aliases (Proesc: 4)
academic.manage_special_education,Manage special education (AEE) records,academic,documented,—,—,—,P2,prds/academic/special-education.md,AEE module deferred; document competitor pattern. Aliases (Proesc: 5)
academic.manage_academic_operations,General academic module operations,academic,documented,—,—,documented,MVP,prds/academic/diary.md,"Catch-all for miscatalogued academic tasks pending finer split. Aliases (Proesc: 3, ClassApp: 1)"
academic.quality_signal_support,Academic help troubleshooting (quality signal),academic,noise,—,noise,noise,N/A,,"Canonical quality signal — not an MVP parity target. Support articles, CST tickets, ERP miscatalog — friction signal, not parity target. Aliases (Proesc: 9, Agenda Edu: 1, ClassApp: 2)"
students.enroll_student,Enroll student,students,documented,—,documented,documented,MVP,prds/students/enrollment.md,"Core enrollment; links student, class, and guardians. Aliases (Proesc: 23, Agenda Edu: 6, ClassApp: 4)"
students.import_students_bulk,Import students in bulk,students,—,—,—,documented,MVP,prds/students/enrollment.md,Spreadsheet import with validation; no duplicate CPF per school. Aliases (ClassApp: 1)
students.manage_class_structure,Manage class structure,students,documented,—,—,—,MVP,prds/students/classes.md,"Classes, shifts, capacity, multigrade parent/child turmas. Aliases (Proesc: 7)"
students.assign_class,Assign student to class,students,—,—,—,—,MVP,prds/students/classes.md,Enrollment-to-class assignment; respects capacity.
students.manage_enrollment_slots,Manage enrollment slots,students,documented,—,—,—,P2,prds/students/enrollment-online.md,`DIV-academic-003` Vacancy availability for online enrollment trilha. Aliases (Proesc: 1)
students.cancel_enrollment,Cancel enrollment or pre-enrollment,students,documented,—,—,—,P2,prds/students/enrollment-online.md,Guardian self-cancel before institution processing. Aliases (Proesc: 1)
students.manage_enrollment_contract,Manage enrollment contract,students,—,—,—,—,MVP,prds/students/contracts.md,`DIV-financial-007` Contract templates and enrollment binding; signature in phase 2.
students.sign_enrollment_contract,Sign enrollment contract electronically,students,—,—,—,—,P2,prds/students/contracts.md,`DIV-financial-007` E-signature step on trilha; shares documents infra.
students.capture_prospect,Capture enrollment prospect,students,documented,—,—,—,P2,prds/students/capture.md,CRM lead/opportunity before formal enrollment. Aliases (Proesc: 7)
students.manage_enrollment_campaign,Manage enrollment campaign,students,—,—,—,documented,P2,prds/students/capture.md,Matrícula campaigns and CRM funnel; not comms mass send. Aliases (ClassApp: 1)
students.run_online_enrollment_trail,Run online enrollment trail,students,documented,—,—,—,P2,prds/students/enrollment-online.md,`DIV-academic-003` Trilha: data → contract → plan → pay; includes re-enrollment. Aliases (Proesc: 1)
students.update_student_record,Update student record,students,documented,—,—,—,MVP,prds/students/records.md,"Cadastral data, RA, and identifiers; LGPD minimization. Aliases (Proesc: 5)"
students.unify_person_records,Unify duplicate person records,students,documented,—,—,—,P2,prds/students/records.md,Merge homonyms with audit trail; irreversible ops guarded. Aliases (Proesc: 2)
students.manage_guardian_link,Manage guardian–student link,students,documented,—,—,—,MVP,prds/students/guardians.md,Family isolation boundary; multiple guardians per student. Aliases (Proesc: 2)
students.transfer_enrollment,Transfer enrollment between classes,students,documented,—,documented,—,P2,prds/students/transfers.md,"Class transfer and manual progression between turmas. Aliases (Proesc: 2, Agenda Edu: 2)"
students.invite_student_access,Invite student to self-register,students,—,—,documented,—,P2,prds/students/enrollment.md,Student login deferred to phase 2; invite + staff review queue. Aliases (Agenda Edu: 1)
students.view_student_portal,Access student portal features,students,documented,—,documented,—,P2,prds/students/portal.md,"Student login surface; MVP uses guardian/staff proxy. Aliases (Proesc: 2, Agenda Edu: 1)"
students.export_enrollment_reports,Export enrollment reports,students,documented,—,—,—,MVP,prds/students/enrollment.md,"Carteirinha, CRM opportunity reports, enrollment lists. Aliases (Proesc: 5)"
students.manage_enrollment_operations,General enrollment module operations,students,documented,—,—,—,MVP,prds/students/enrollment.md,Catch-all for miscatalogued enrollment tasks pending finer split. Aliases (Proesc: 5)
students.quality_signal_support,Students help troubleshooting (quality signal),students,noise,—,—,noise,N/A,,"Canonical quality signal — not an MVP parity target. ERP module FAQs, CST tickets, transport/food miscatalog — friction signal. Aliases (Proesc: 8, ClassApp: 2)"
identity.authenticate_user,Authenticate user,identity,—,—,—,—,MVP,prds/identity-and-onboarding/auth.md,JWT login; OTP/code login where competitors use it; MFA phase 2.
identity.reset_password,Reset or change password,identity,documented,—,documented,documented,MVP,prds/identity-and-onboarding/auth.md,"Forgot-password link + in-app change; passwords never returned by API. Aliases (Proesc: 5, Agenda Edu: 9, ClassApp: 4)"
identity.set_password,Set password from invite token,identity,—,—,—,—,MVP,prds/identity-and-onboarding/auth.md,Single-use invite token + set-password; replaces random temp passwords.
identity.invite_user,Invite user to school,identity,documented,—,documented,documented,MVP,prds/identity-and-onboarding/invites.md,"Staff/guardian invites with role_template_id; digest-stored tokens. Aliases (Proesc: 1, Agenda Edu: 1, ClassApp: 1)"
identity.complete_registration,Complete registration from invite,identity,—,—,—,documented,MVP,prds/identity-and-onboarding/invites.md,Guardian/staff self-register via invite link or SMS code. Aliases (ClassApp: 1)
identity.manage_user_profile,Manage user profile and contact data,identity,documented,—,—,—,MVP,prds/identity-and-onboarding/profiles.md,`DIV-communication-004` Email and cadastral updates with audit; progressive profiling hooks. Aliases (Proesc: 1)
identity.manage_user_accounts,"Manage user accounts (activate, deactivate, delete)",identity,documented,—,—,—,MVP,prds/identity-and-onboarding/permissions.md,Account tab pattern; deactivate preferred over hard delete. Aliases (Proesc: 2)
identity.manage_roles,Manage roles and permissions,identity,documented,—,claimed,documented,MVP,prds/identity-and-onboarding/permissions.md,"System + custom role templates; permission keys + overrides. Aliases (Proesc: 1, Agenda Edu: 1, ClassApp: 2)"
identity.manage_consent,Manage guardian consent (LGPD),identity,—,—,—,documented,MVP,prds/identity-and-onboarding/consent.md,LGPD consent record for staff/guardian onboarding; basis shown in UI. Aliases (ClassApp: 1)
identity.configure_school_profile,Configure school profile,identity,—,—,—,—,MVP,prds/identity-and-onboarding/schools.md,"School name, branding, and tenant profile during onboarding."
identity.provision_school,Provision school tenant (white-glove and lifecycle),identity,—,—,—,—,MVP,prds/identity-and-onboarding/onboarding.md,`DIV-integration-001` provisioning → pending_handoff → active; self-serve + optional white-glove.
identity.onboard_team,Onboard staff and guardians to school,identity,documented,—,—,—,MVP,prds/identity-and-onboarding/onboarding.md,`DIV-integration-001` Owner wizard + team invites; first-login checklists per onboarding mode. Aliases (Proesc: 1)
identity.configure_multi_factor,Configure multi-factor authentication,identity,—,—,documented,—,P2,prds/identity-and-onboarding/auth.md,2FA and biometric login phase 2; document competitor patterns. Aliases (Agenda Edu: 2)
identity.manage_identity_operations,General identity module operations,identity,—,—,—,—,MVP,prds/identity-and-onboarding/auth.md,Catch-all for miscatalogued identity tasks pending finer split.
identity.quality_signal_support,Identity help troubleshooting (quality signal),identity,noise,—,noise,noise,N/A,,"Canonical quality signal — not an MVP parity target. Support articles, cache clears, ERP miscatalog — friction signal, not parity target. Aliases (Proesc: 14, Agenda Edu: 1, ClassApp: 3)"
documents.store_student_document,Store document in digital archive,documents,documented,—,documented,documented,MVP,prds/documents/archive.md,"Audit-ready repository per student/school. Aliases (Proesc: 2, Agenda Edu: 3, ClassApp: 1)"
documents.search_archive,Search digital archive,documents,documented,—,—,documented,MVP,prds/documents/archive.md,"Basic search MVP; semantic search phase 2. Aliases (Proesc: 4, ClassApp: 1)"
documents.generate_official_minutes,Generate official minutes (Livro Ata),documents,—,—,—,—,P2,prds/documents/livro-ata.md,Phase 2 high priority per vision.
documents.collect_minutes_signatures,Collect digital signatures on minutes,documents,—,—,—,—,P2,prds/documents/livro-ata.md,Valid digital signature for Conselho audits.
documents.issue_transcript,Issue school transcript certificate,documents,—,—,—,—,P2,prds/documents/certificates.md,Under-represented in competitor catalog.
documents.manage_retention_policy,Manage document retention policy,documents,—,—,—,—,P2,prds/documents/retention.md,LGPD retention for archive and photos.
documents.configure_document_signatories,Configure secretary and director on official documents,documents,documented,—,—,—,MVP,prds/documents/archive.md,Letterhead/signatory block on generated certificates and declarations. Aliases (Proesc: 1)
documents.issue_official_declaration,Issue official declarations and certificates,documents,—,—,—,—,P2,prds/documents/certificates.md,"Enrollment, quitacao, and other formal declarations beyond transcript."
documents.collect_contract_signatures,Collect digital signatures on contracts,documents,—,—,—,—,P2,prds/documents/contracts.md,Paperless contracts; shares signature infra with Livro Ata.
documents.export_audit_package,Export audit-ready document package,documents,—,—,—,—,MVP,prds/documents/archive.md,Conselho de Educacao audit readiness per vision.
documents.view_student_documents,View student documents in archive,documents,—,—,—,—,MVP,prds/documents/archive.md,Per-family isolation; guardian sees own children's documents only.
documents.search_archive_semantic,Semantic search across document archive,documents,—,—,—,—,P2,prds/documents/livro-ata.md,Phase 2 Livro Ata search per vision; basic search remains MVP.
platform.configure_school_year,Configure school year and calendar periods,platform,documented,—,—,—,MVP,prds/platform/school-year.md,"Ano letivo, feriados, and period boundaries drive academic and billing cycles. Aliases (Proesc: 1)"
platform.manage_multi_unit,Configure multi-unit school group,platform,—,—,—,—,P2,prds/platform/multi-school.md,`DIV-academic-008` Per-school isolation with group roll-ups; distinct from academic tenancy views.
platform.manage_staff_users,Manage staff users and role menus,platform,documented,—,—,—,MVP,prds/platform/users.md,Staff roster and menu visibility; identity owns auth and permission keys. Aliases (Proesc: 15)
platform.manage_school_calendar,Manage school calendar and personal events,platform,documented,—,documented,—,MVP,prds/platform/calendar.md,"Institutional calendar plus staff personal events; comms events sync later. Aliases (Proesc: 1, Agenda Edu: 1)"
platform.view_analytics_dashboard,View analytics and operational reports,platform,—,—,—,—,P2,prds/platform/analytics.md,Cross-module dashboards; domain-specific exports stay in billing/academic PRDs.
platform.export_operational_reports,Export operational and cross-module reports,platform,—,—,—,—,P2,prds/platform/analytics.md,Favorited reports and year-scoped roll-ups; not domain ledger exports.
platform.configure_help_taxonomy,Configure help center taxonomy,platform,—,—,—,—,P2,prds/platform/help-center.md,`DIV-integration-003` Module docs for School Lab product; persona quick-starts per actor.
platform.self_serve_onboarding,Self-serve school onboarding and product access,platform,documented,—,documented,—,MVP,prds/platform/onboarding.md,"`DIV-integration-001` Self-serve with optional white-glove tier; app access FAQs map here not identity. Aliases (Proesc: 3, Agenda Edu: 1)"
platform.manage_backoffice_ops,Backoffice tenant and module operations,platform,—,—,—,—,MVP,prds/platform/backoffice.md,"Platform SPA ops: tenant lifecycle, module enablement, upsell — not school staff tasks."
platform.meter_digital_signatures,Meter digital signature consumption,platform,—,—,documented,—,P2,prds/platform/signatures.md,`DIV-financial-007` Transparent metering for e-sign; shares infra with billing and documents. Aliases (Agenda Edu: 1)
platform.manage_transport_module,Manage transport module (deferred),platform,—,—,—,—,P2,prds/platform/transport.md,Transport routes deferred; catalog miscatalog captured as quality signal until PRD.
platform.manage_platform_operations,General platform module operations,platform,—,—,—,—,MVP,prds/platform/users.md,Catch-all for miscatalogued platform tasks pending finer split.
platform.quality_signal_support,Platform help troubleshooting (quality signal),platform,noise,—,—,—,N/A,,"Canonical quality signal — not an MVP parity target. CST/GSen license FAQs, ERP vendor articles, transport/RH miscatalog — friction signal. Aliases (Proesc: 2)"
integrations.connect_erp,Connect external ERP,integrations,—,—,—,—,P2,prds/integrations/erp.md,`DIV-integration-002` Own core domains; open API for adjuncts.
integrations.import_academic_data,Import academic data from ERP,integrations,—,—,—,—,P2,prds/integrations/erp.md,
integrations.export_financial_data,Export financial data to ERP,integrations,—,—,—,—,P2,prds/integrations/erp.md,
integrations.manage_webhooks,Manage outbound webhooks,integrations,claimed,—,—,—,P2,prds/integrations/webhooks.md,Aliases (Proesc: 1)
integrations.sync_communication_overlay,Sync comms overlay with ERP SIS,integrations,documented,—,documented,documented,P2,prds/integrations/comms-sync.md,"`DIV-academic-006` API-first SIS; comms native. Aliases (Proesc: 2, Agenda Edu: 5, ClassApp: 1)"
